Residue ,17β-HSD1,17β-HSD1+PBRM,17β-HSD+CC-156,17β-HSD+INH-Mess,17β-HSD1+8,17β-HSD1+9,17β-HSD1+10,17β-HSD1+11,17β-HSD1+34,17β-HSD1+36,,,,,,
1,2.15,2.26,2.16,2.03,2.11,2.12,2.18,2.16,2.51,2.08,,,,,,
2,1.73,1.76,1.8,1.36,1.58,1.76,1.69,1.69,1.57,1.71,,,,,,
3,0.82,0.86,0.89,0.93,0.86,0.93,0.88,0.92,0.92,0.86,,,,,,
4,0.77,0.78,0.82,0.79,0.8,0.8,0.81,0.83,0.83,0.82,,,,,,
5,0.7,0.72,0.76,0.99,0.73,0.74,0.73,0.74,0.75,0.74,,,,,,
6,0.79,0.79,0.99,0.82,0.8,0.8,0.94,0.82,0.82,0.84,,,,,,
7,0.67,0.74,0.78,0.71,0.72,0.72,0.74,0.72,0.72,0.71,,,,,,
8,0.57,0.7,1.14,0.59,0.63,0.65,0.76,0.73,0.71,0.69,,,,,,
9,0.51,0.66,0.93,0.54,0.59,0.6,0.75,0.71,0.66,0.68,,,,,,
10,0.75,0.74,1.04,0.58,0.84,0.71,0.91,0.69,0.83,0.71,,,,,,
11,0.79,1.07,1.14,0.85,1.16,0.85,1.13,1.01,0.98,0.95,,,,,,
12,0.83,0.91,1.17,0.64,1.3,0.87,1.7,1.07,1,0.96,,,,,,
13,0.62,0.68,0.96,0.61,1.05,0.77,0.97,0.94,0.78,0.71,,,,,,
14,0.86,0.87,1.15,0.82,1.27,1.06,1.19,1.28,0.97,0.89,,,,,,
15,0.56,0.51,0.78,0.5,0.74,0.61,0.66,0.7,0.64,0.58,,,,,,
16,0.8,0.93,1.1,0.85,1.14,0.97,0.96,1.06,0.95,0.88,,,,,,
17,0.64,0.61,0.81,0.81,1.58,0.8,0.72,0.9,0.92,0.66,,,,,,
18,0.74,0.73,0.96,0.71,1.47,0.81,0.79,0.87,0.83,0.83,,,,,,
19,0.65,0.65,0.75,0.65,0.81,0.75,0.68,0.73,0.72,0.69,,,,,,
20,1.01,1.21,1.04,1.14,1.35,1.16,1.14,1.2,1.12,1.22,,,,,,
21,1.21,1.4,1.24,1.23,1.74,1.33,1.09,1.82,1.84,1.57,,,,,,
22,0.77,0.81,0.93,0.82,0.93,0.91,0.84,0.89,0.85,0.86,,,,,,
23,0.76,0.77,0.83,0.76,0.89,0.87,0.76,0.88,0.82,0.82,,,,,,
24,0.74,0.85,0.92,0.71,0.95,0.97,0.71,0.92,0.85,0.81,,,,,,
25,1.17,1.32,1.32,0.92,1.18,1.08,1.06,1.22,1.11,1.2,,,,,,
26,1.49,1.87,1.73,1.23,1.52,1.34,1.36,1.64,1.37,1.48,,,,,,
27,1.42,1.66,1.69,1.03,1.34,1.3,1.3,1.58,1.4,1.48,,,,,,
28,1.55,1.73,1.86,1.53,1.69,1.54,1.58,1.78,1.51,1.69,,,,,,
29,0.85,1.01,1.25,1.05,1.2,1.15,1.08,1.22,1.26,1.12,,,,,,
30,0.72,0.71,0.85,0.71,1.11,0.81,0.76,0.81,1,0.79,,,,,,
31,1.01,1.08,1.13,1,1.01,1.03,1.06,0.99,1,1.07,,,,,,
32,0.76,0.78,0.82,0.77,0.82,0.83,0.8,0.8,0.8,0.8,,,,,,
33,0.52,0.55,0.61,0.54,0.55,0.57,0.57,0.57,0.57,0.58,,,,,,
34,0.66,0.69,0.81,0.66,0.7,0.72,0.7,0.72,0.73,0.7,,,,,,
35,0.58,0.66,0.88,0.59,0.66,0.64,0.64,0.78,0.7,0.65,,,,,,
36,1.07,1.19,1.11,1.19,1.08,1.17,1.11,1.23,1.24,1.02,,,,,,
37,0.95,1.17,1.4,0.63,0.96,1.14,1.27,1.62,1.47,1.51,,,,,,
38,0.8,1.08,1.13,1.01,1.03,0.99,1.12,1.17,1.15,1,,,,,,
39,0.95,1.36,1.26,1.49,1.22,1.45,1.36,1.19,1.23,1.23,,,,,,
40,1.62,2.04,1.98,2.35,2.04,1.85,1.93,1.64,1.88,1.97,,,,,,
41,0.87,1.13,1.17,1.48,1.33,1.14,1.2,1.19,1.03,1.12,,,,,,
42,0.71,1,1.02,1.03,1.01,1,0.92,1.07,0.86,0.92,,,,,,
43,0.8,0.93,0.97,0.96,1.12,1.07,0.95,1.19,0.91,1,,,,,,
44,2.38,2.65,2.44,2.59,2.52,2.62,2.6,2.96,2.53,2.34,,,,,,
45,0.88,1.1,1.16,1.15,1.37,1.08,1.14,1.16,1.02,0.95,,,,,,
46,0.74,0.78,1.19,1.13,1.12,1.02,0.94,1.11,0.79,0.83,,,,,,
47,1.14,1.21,1.41,1.21,1.46,1.31,1.2,1.58,1.19,1.2,,,,,,
48,0.85,0.93,1.06,0.95,1.1,1.08,0.93,1.44,0.93,0.95,,,,,,
49,0.82,0.88,0.96,0.89,1.05,1.01,0.87,1.26,0.88,0.91,,,,,,
50,1.97,2.1,2.25,2.18,2.17,2.25,1.95,2.25,1.98,2.16,,,,,,
51,1.06,1.18,1.29,1.18,1.29,1.33,1.13,1.7,1.12,1.17,,,,,,
52,1.29,1.49,1.48,1.37,1.55,1.49,1.36,1.91,1.34,1.47,,,,,,
53,1.1,1.25,1.26,1.17,1.29,1.31,1.13,1.76,1.12,1.49,,,,,,
54,0.8,0.91,0.96,0.85,1.01,1.01,0.85,1.36,0.86,0.96,,,,,,
55,0.96,1.08,1.19,1,1.11,1.14,1.01,1.56,1.03,1.17,,,,,,
56,1.21,1.31,1.51,1.21,1.3,1.37,1.25,1.9,1.29,1.38,,,,,,
57,1.02,1.04,1.3,1.02,1.12,1.13,1.04,1.61,1.02,1.08,,,,,,
58,0.67,0.83,0.88,0.68,0.81,0.81,0.7,1.18,0.93,0.75,,,,,,
59,0.92,1,1.26,0.92,1.01,1.08,0.97,1.19,0.98,1.04,,,,,,
60,1.01,1.01,1.06,1.04,0.96,0.9,1.03,1.1,1,0.97,,,,,,
61,0.71,0.8,0.9,0.92,0.82,1.08,0.86,0.97,0.77,0.8,,,,,,
62,0.85,1.29,1.23,0.93,0.96,1.06,0.96,1.13,0.98,1.09,,,,,,
63,0.88,1.12,0.96,1,0.99,1.05,1.08,1.15,1.1,1.06,,,,,,
64,0.94,1.04,1.19,0.85,1.02,0.8,0.96,1.2,1.1,1.16,,,,,,
65,0.62,0.65,0.95,0.56,0.61,0.65,0.65,0.91,0.89,0.81,,,,,,
66,1.11,0.93,1.27,0.82,1,0.97,0.87,1.41,1.17,1.07,,,,,,
67,0.73,0.83,1.24,0.71,0.74,0.85,0.85,1.19,1.56,1.65,,,,,,
68,0.87,0.93,1,0.88,0.9,0.99,0.99,1.03,0.94,1.22,,,,,,
69,1.03,1.03,1.1,1.06,1.03,1.15,1.12,1.13,1.07,1.38,,,,,,
70,1.83,1.89,1.92,1.9,1.92,1.87,1.95,1.97,1.87,2.2,,,,,,
71,0.89,0.85,1,0.79,0.84,0.84,0.89,0.94,0.98,1.08,,,,,,
72,0.88,1.2,0.99,1.01,0.9,1.02,0.93,0.95,0.94,1.05,,,,,,
73,0.91,0.9,1.01,0.94,0.92,0.96,0.94,0.98,0.97,1.08,,,,,,
74,0.94,0.92,1,0.96,0.94,0.96,0.95,1.02,0.98,1.07,,,,,,
75,0.84,0.85,0.95,0.85,0.86,0.84,0.84,0.96,0.9,0.93,,,,,,
76,1.27,1.11,1.52,1.43,1.4,1.48,1.46,1.73,1.59,1.5,,,,,,
77,1.35,1.31,1.39,1.42,1.35,1.44,1.37,1.49,1.42,1.45,,,,,,
78,1.66,2.12,1.98,1.87,1.74,1.84,1.92,1.98,1.87,1.93,,,,,,
79,0.92,0.93,1.12,0.97,0.95,0.94,0.95,1,0.92,1.06,,,,,,
80,1.37,1.33,1.34,1.36,1.33,1.37,1.37,1.34,1.31,1.43,,,,,,
81,1.22,1.19,1.57,1.25,1.18,1.1,1.05,1.07,1.04,1.28,,,,,,
82,1.16,1.12,1.92,1.28,1.11,1.12,1.06,1.09,1.06,1.51,,,,,,
83,2.21,2.01,2.76,2.23,2.4,2.44,1.87,1.66,1.7,2.46,,,,,,
84,1,1.13,0.86,1.12,1.04,0.84,0.91,0.98,0.87,0.9,,,,,,
85,0.68,0.65,0.71,0.7,0.69,0.67,0.72,0.69,0.71,0.74,,,,,,
86,0.74,0.74,0.77,0.75,0.75,0.75,0.76,0.75,0.77,0.78,,,,,,
87,1.15,1.02,0.88,1.17,0.94,1.16,1.29,0.95,0.99,1.06,,,,,,
88,0.68,0.72,0.76,0.71,0.74,0.73,0.71,0.72,0.71,0.7,,,,,,
89,0.6,0.67,0.83,0.62,0.66,0.67,0.84,0.66,0.69,0.62,,,,,,
90,0.47,0.55,0.82,0.49,0.58,0.6,0.62,0.71,0.6,0.55,,,,,,
91,0.68,0.77,0.86,0.66,0.75,0.8,0.79,0.82,0.8,0.84,,,,,,
92,0.61,0.79,1.05,0.64,0.65,0.78,0.62,0.79,0.86,0.76,,,,,,
93,1.15,1.4,1.54,1,1.36,1.51,1.17,1.15,1.14,1.47,,,,,,
94,0.61,0.76,0.96,0.64,0.92,1.13,0.76,1.05,0.91,0.83,,,,,,
95,1.11,1.2,1.45,1.45,1.3,1.52,1.45,1.49,1.39,1.3,,,,,,
96,1.38,1.13,1.41,1.22,1.46,1.43,1.18,1.28,1.25,1.41,,,,,,
97,0.64,0.61,0.74,0.79,0.83,0.84,0.69,0.78,0.87,0.74,,,,,,
98,0.86,0.83,0.99,1.16,1.16,1.01,0.87,1.03,1.1,1.15,,,,,,
99,1.58,1.41,1.69,1.77,1.75,1.62,1.54,1.83,1.72,1.6,,,,,,
100,1.42,1.76,1.89,2.07,2.15,1.75,1.36,2.11,1.86,2.37,,,,,,
101,1.07,1.09,1.34,1.34,1.52,1.21,1.16,1.43,1.51,1.5,,,,,,
102,1.14,1.14,1.39,1.31,1.33,1.17,1.27,1.4,1.39,1.31,,,,,,
103,1.02,1.14,1.51,1.88,1.57,1.3,1.25,1.65,1.5,2.73,,,,,,
104,1.81,1.83,2.22,2.46,2.25,2.07,1.91,2.37,2.19,3.29,,,,,,
105,1.44,1.54,1.87,2.15,1.87,1.81,1.5,1.84,1.68,2.66,,,,,,
106,1.04,1.17,1.45,1.75,1.41,1.47,1.18,1.43,1.29,2.09,,,,,,
107,1.38,1.12,1.53,1.8,1.57,1.44,1.2,1.54,1.54,2.03,,,,,,
108,1,1.07,1.28,1.23,1.17,1.22,1.13,1.48,1.22,1.43,,,,,,
109,0.95,1.17,1.23,1.15,1.14,1.29,1.03,1.39,1.08,1.42,,,,,,
110,1.17,1.32,1.27,0.97,1.03,1.38,1.19,1.4,1.26,1.1,,,,,,
111,1.44,1.47,1.69,1.56,1.45,1.64,1.73,1.84,1.65,1.5,,,,,,
112,0.84,0.95,1.1,0.89,0.87,1.07,0.97,1.49,1.02,1.03,,,,,,
113,0.85,0.98,1.11,0.9,0.93,1.12,0.97,1.46,1.16,1.02,,,,,,
114,0.63,0.77,0.85,0.64,0.81,0.8,0.79,1.02,0.84,0.76,,,,,,
115,0.86,0.97,1.13,0.96,1.24,1,1.29,1.21,1.01,1.08,,,,,,
116,0.82,0.86,0.99,0.87,0.93,0.94,0.96,1.07,0.97,1,,,,,,
117,0.64,0.62,0.74,0.67,0.66,0.67,0.69,0.78,0.72,0.82,,,,,,
118,0.77,0.78,0.87,0.81,0.81,0.81,0.84,0.85,0.8,0.95,,,,,,
119,0.84,0.98,1.1,0.94,0.96,0.93,0.96,1.02,0.98,1.07,,,,,,
120,0.7,0.74,0.82,0.75,0.67,0.85,0.93,1.03,0.71,1.23,,,,,,
121,1.1,1.22,1.14,1.19,1.09,1.17,1.32,1.24,1.06,1.35,,,,,,
122,1.11,1.15,1.37,1.25,1.07,1.15,1.21,1.42,1.13,1.4,,,,,,
123,1.53,1.51,1.66,1.62,1.59,1.68,1.64,1.6,1.53,1.58,,,,,,
124,0.89,0.84,0.89,0.91,0.87,0.9,0.93,0.86,0.86,0.9,,,,,,
125,0.77,0.72,0.79,0.79,0.77,1.12,0.82,0.77,0.75,0.82,,,,,,
126,1.23,1.24,1.23,1.22,1.33,1.25,1.32,1.18,1.24,1.44,,,,,,
127,0.87,0.86,1,0.98,0.9,0.9,0.97,1,1,1,,,,,,
128,0.96,0.93,1.03,1.08,1.14,1.11,1.13,1,1.06,1.2,,,,,,
129,0.81,0.82,0.81,0.88,0.83,0.8,0.98,0.79,0.82,0.85,,,,,,
130,1.34,1.22,1.39,1.35,1.25,1.18,1.49,1.32,1.4,1.54,,,,,,
131,2.04,2.11,2.08,2.13,2.04,2.11,2.29,2.37,2.17,2.44,,,,,,
132,1.94,2.15,1.63,2.13,2.04,1.92,2.03,1.6,2.09,1.79,,,,,,
133,0.84,0.75,0.83,0.85,0.77,0.76,0.9,0.75,0.85,0.85,,,,,,
134,0.91,0.89,0.97,0.95,0.93,0.86,0.95,0.88,0.91,0.94,,,,,,
135,0.59,0.61,0.61,0.66,0.58,0.59,0.66,0.58,0.59,0.62,,,,,,
136,0.7,1.21,0.73,1.34,0.74,0.76,0.84,0.73,0.78,1.02,,,,,,
137,0.75,0.78,0.79,0.83,0.77,0.75,0.77,0.75,0.76,0.77,,,,,,
138,0.93,0.97,0.95,1,0.95,0.96,0.96,0.97,0.96,0.95,,,,,,
139,0.76,0.83,0.92,0.84,0.87,0.84,0.81,0.92,0.86,0.81,,,,,,
140,0.68,0.72,0.85,0.73,1.09,0.81,0.7,1.25,0.83,0.72,,,,,,
141,0.58,0.58,0.72,0.62,0.64,0.72,0.59,0.78,0.69,0.69,,,,,,
142,0.66,0.55,0.7,0.59,0.61,0.82,0.68,1,0.83,0.75,,,,,,
143,0.98,1.16,1.45,1.13,0.93,1.41,0.92,1.33,1.18,1.37,,,,,,
144,0.65,0.77,1.12,0.68,0.63,1.53,0.73,0.96,0.97,1.01,,,,,,
145,0.71,0.99,1.35,0.8,0.67,1.95,0.8,1.05,1.11,1.27,,,,,,
146,1.52,1.52,2.26,1.71,1.6,4.18,1.42,1.27,1.26,1.44,,,,,,
147,1.42,1.21,1.71,1.3,1.41,2.52,1.32,1.3,1.2,1.29,,,,,,
148,0.72,0.73,1.22,0.81,0.84,1.39,0.82,0.82,0.81,0.92,,,,,,
149,1,0.96,1.26,0.87,1,1.67,0.89,1.11,1.15,1.38,,,,,,
150,0.83,0.79,0.98,0.9,1.01,1.38,0.84,0.96,0.84,0.92,,,,,,
151,0.64,0.63,0.75,0.7,0.79,0.83,0.73,0.8,0.71,0.77,,,,,,
152,0.62,0.56,0.72,0.59,0.71,0.92,0.66,1.02,0.76,0.76,,,,,,
153,0.92,0.8,0.92,0.83,0.86,1.07,0.99,0.98,0.99,0.93,,,,,,
154,1.05,1.16,1.4,1.23,1.12,1.31,1.24,1.42,1.38,1.31,,,,,,
155,0.61,0.97,1.15,0.54,0.75,0.82,0.58,0.81,0.79,0.79,,,,,,
156,0.62,0.6,0.91,0.64,0.65,0.86,0.67,0.82,0.82,0.81,,,,,,
157,0.77,0.85,0.89,0.77,0.81,0.98,0.85,0.94,0.86,0.98,,,,,,
158,0.8,0.97,0.75,0.76,0.83,0.92,0.89,1,0.91,0.8,,,,,,
159,0.82,1.26,1.02,0.67,0.93,1.59,0.82,1.04,0.93,1.22,,,,,,
160,1.59,1.94,1.61,1.35,1.24,1.62,1.21,1.49,1.59,2.04,,,,,,
161,0.78,0.83,1.02,0.84,0.82,0.9,0.83,0.98,0.86,0.95,,,,,,
162,1.03,1.4,1.38,0.98,1.26,1.45,1,1.28,1.07,1.24,,,,,,
163,1.18,0.81,1.39,1.08,1.16,1.15,1.12,1.18,1.08,1.18,,,,,,
164,0.78,1.01,1.13,0.99,0.87,0.89,0.76,1.07,0.91,1.12,,,,,,
165,1.15,1.43,1.36,1.18,1.37,1.27,1.1,1.41,1.41,1.5,,,,,,
166,0.74,0.82,0.9,0.86,0.97,0.77,0.79,1.03,0.87,1.19,,,,,,
167,1.24,1.6,1.45,1.52,1.45,1.28,1.45,1.96,1.61,1.98,,,,,,
168,1.16,1.51,1.35,1.44,1.24,1.17,1.21,1.64,1.36,1.76,,,,,,
169,1.45,1.55,1.51,1.48,1.36,1.36,1.4,1.6,1.46,1.64,,,,,,
170,1.04,1.56,1.16,1.34,1.13,1.12,1.15,1.73,1.25,1.77,,,,,,
171,1.71,2.28,1.93,2.12,1.58,1.58,1.76,2.48,1.85,2.59,,,,,,
172,1.6,1.99,1.83,1.99,1.49,1.55,1.78,2.2,1.74,2.3,,,,,,
173,1.24,1.19,1.51,1.5,0.96,0.99,1.24,1.36,1.06,1.59,,,,,,
174,1.97,1.93,2.26,2.31,1.78,1.76,2.15,2.15,1.89,2.45,,,,,,
175,1.36,1.35,1.49,1.56,1.21,1.21,1.48,1.41,1.35,1.73,,,,,,
176,1.12,1.17,1.17,1.22,1.01,0.99,1.36,1.26,1.44,1.41,,,,,,
177,0.95,0.91,0.96,1.04,0.87,0.87,0.92,0.9,0.95,0.98,,,,,,
178,0.91,0.89,0.9,1,0.87,0.86,0.89,0.91,0.91,0.94,,,,,,
179,0.93,1.42,0.97,1,0.96,0.96,0.99,0.91,0.97,0.98,,,,,,
180,1,1.01,1,0.96,0.98,0.99,1.07,1,1.02,1.01,,,,,,
181,0.55,0.7,0.61,0.78,0.54,0.6,0.62,0.56,0.58,0.58,,,,,,
182,1.22,1.1,1.2,1.41,1.06,1.34,1.39,1.12,1.08,1.08,,,,,,
183,0.88,0.92,0.98,1.02,1,1,0.99,1.02,1.02,0.97,,,,,,
184,0.73,0.55,1.15,1.05,0.77,0.71,0.9,0.72,0.73,0.76,,,,,,
185,0.69,0.79,0.95,0.92,0.95,0.97,1.06,0.74,0.65,0.72,,,,,,
186,0.72,0.53,0.81,0.76,0.69,0.74,0.7,0.69,0.65,0.69,,,,,,
187,0.83,0.71,0.88,0.87,0.75,1.02,0.73,0.8,0.83,0.82,,,,,,
188,1.27,1.04,1.4,0.91,1.03,1.38,1.05,1.25,1.06,1.22,,,,,,
189,1.47,1.56,1.62,1.3,1.76,2.76,1.24,1.9,1.83,1.84,,,,,,
190,1.02,1.05,1.46,0.88,1.43,2.72,0.98,1.61,1.94,1.91,,,,,,
191,1.05,1.19,1.41,1.1,2.36,1.66,1.27,1.78,2.05,2.32,,,,,,
192,1.21,1.13,1.75,1.26,1.69,2.35,1.26,2.11,3.62,4.04,,,,,,
193,1.48,1.34,1.92,1.45,1.65,1.6,1.81,2.56,3.37,4.47,,,,,,
194,1.85,1.54,2.26,1.61,2.06,1.97,1.84,2.55,3.28,4.5,,,,,,
195,1.58,1.33,1.85,1.14,2.07,2.96,1.89,2.28,3.85,4.68,,,,,,
196,1.56,1.2,1.7,1.16,1.95,2.9,2.42,2.37,3.19,4.44,,,,,,
197,1.58,1.6,2.05,1.5,1.66,2.92,4.75,1.97,3.53,5.85,,,,,,
198,1.71,1.64,1.94,1.71,2.01,3.13,2.56,2.14,3.24,3.38,,,,,,
199,1.89,1.56,2.08,1.82,2.17,2.64,2.12,2.28,3.23,2.93,,,,,,
200,1.8,1.53,2.01,1.84,1.96,2.57,2.14,2.05,2.99,3.25,,,,,,
201,2.24,1.93,2.47,2.24,2.47,3.76,2.64,2.49,3.27,3.43,,,,,,
202,1.95,1.75,2.1,2.06,2.51,3.43,2.23,2.36,2.97,2.44,,,,,,
203,1.38,1.3,1.49,1.58,1.68,2.25,1.59,1.64,2.25,2.17,,,,,,
204,1.69,1.66,1.87,2.29,1.9,3.38,1.81,1.84,2.09,3.3,,,,,,
205,1.71,1.64,1.86,1.98,2.09,2.5,1.8,2,2.5,3.03,,,,,,
206,2,2.13,2.32,2.21,2.79,2.45,2.35,2.47,3.38,2.95,,,,,,
207,1.42,1.4,1.56,1.6,1.68,1.89,1.25,1.63,1.72,1.86,,,,,,
208,1.49,1.32,1.6,1.53,1.62,1.68,1.51,1.72,1.62,1.85,,,,,,
209,1.88,1.74,1.89,2.33,1.91,1.9,1.85,2.05,1.66,2.12,,,,,,
210,2.11,1.9,2.3,2.39,2.25,2.24,2.26,1.85,1.9,2.87,,,,,,
211,1.1,1.02,1.2,1.1,1.15,1.05,1.09,1.31,1.12,1.25,,,,,,
212,1.49,1.04,1.27,1.64,1.18,1.29,1.21,1.33,1.21,1.51,,,,,,
213,2,1.75,1.74,1.98,1.51,1.76,1.79,1.95,1.71,1.89,,,,,,
214,2.17,1.24,2.05,1.84,1.93,1.61,2.09,2.2,1.77,1.9,,,,,,
215,0.94,0.74,0.85,0.87,1.15,1.13,0.82,0.89,0.98,1.01,,,,,,
216,2.51,2.02,2.23,2.04,2.17,1.95,2.1,2.18,1.7,1.77,,,,,,
217,1.87,1.47,1.75,1.4,1.49,1.56,1.71,1.7,1.55,1.57,,,,,,
218,1.04,0.81,0.96,0.88,0.99,1.04,1.25,1.14,0.94,0.91,,,,,,
219,1.15,1.06,1.44,1.47,1.25,1.25,1.42,1.45,1.44,1.31,,,,,,
220,1.24,0.85,1.05,1.24,0.94,1.06,1.09,1.12,0.98,1.07,,,,,,
221,1.73,0.86,1.08,1.7,0.85,0.93,1.75,1.77,0.98,1.72,,,,,,
222,1.15,0.75,0.92,1.15,0.91,0.96,0.97,1.18,0.82,0.97,,,,,,
223,2.07,1.47,1.7,1.86,1.7,1.86,1.86,1.87,1.77,1.77,,,,,,
224,2.46,1.49,1.67,1.93,1.58,1.61,1.81,1.85,1.64,1.73,,,,,,
225,2.37,1.02,1.21,1.41,1.11,1.27,1.31,1.7,1.11,1.19,,,,,,
226,2.36,1.53,1.14,1.12,1.43,2,0.96,2.04,1.45,1.51,,,,,,
227,3.07,2.5,2.34,2.49,2.63,2.47,2.86,3.75,2.5,2.41,,,,,,
228,2.11,1.52,1.77,1.78,2.01,2.36,1.57,2.76,1.8,1.7,,,,,,
229,1.38,0.97,1.19,1.37,1.29,1.35,1.03,1.82,1.18,1.09,,,,,,
230,1.06,1,1.04,1.1,1.05,1.07,0.94,1.12,1.08,1.03,,,,,,
231,1.28,1.21,1.29,1.4,1.01,1.37,1.28,1.26,1.26,1.32,,,,,,
232,1.03,1.09,1.21,1.23,1.34,1.41,1.05,1.3,1.31,1.27,,,,,,
233,0.84,0.79,0.91,0.87,1.02,1.08,0.86,1.03,0.98,0.92,,,,,,
234,1.27,1.25,1.3,1.43,1.83,1.51,1.27,1.4,1.45,1.44,,,,,,
235,1.33,1.22,1.26,1.37,1.67,1.58,1.35,1.52,1.59,1.44,,,,,,
236,0.91,0.85,1.01,1.07,0.99,1.18,0.97,0.98,1.24,1.04,,,,,,
237,0.76,0.74,0.8,0.79,1.08,0.89,0.79,0.85,0.81,0.82,,,,,,
238,0.81,0.93,0.91,1.02,1.38,1.15,1.01,1.15,0.94,1.13,,,,,,
239,0.83,0.82,0.9,0.89,1.12,0.95,0.91,0.94,0.95,0.89,,,,,,
240,0.63,0.64,1.11,0.72,1.78,0.72,0.66,0.74,1.12,1.09,,,,,,
241,1.27,1.34,1.27,1.33,1.23,1.38,1.35,1.4,1.2,1.34,,,,,,
242,0.81,0.87,0.84,0.88,0.89,0.95,0.94,0.88,0.9,0.92,,,,,,
243,0.8,0.89,0.85,0.9,0.84,0.86,0.87,0.84,0.86,0.87,,,,,,
244,1.33,1.22,1.21,1.28,1.39,1.38,1.4,1.4,1.4,1.41,,,,,,
245,1.37,1.65,1.68,1.73,1.79,1.92,1.95,1.86,1.74,1.95,,,,,,
246,0.92,1.2,0.96,1.05,0.91,0.99,1.04,0.96,1.03,1.01,,,,,,
247,1.03,1.68,1.09,1.18,1.04,1.16,1.27,1.11,1.31,1.23,,,,,,
248,1.91,2.78,2.01,2.1,1.94,1.98,2.12,1.99,2.2,2.06,,,,,,
249,0.84,2.14,0.88,1.01,0.82,0.88,1.02,0.9,1.51,0.99,,,,,,
250,1.24,1.42,1.19,1.29,1.23,1.28,1.32,1.24,1.33,1.28,,,,,,
251,0.98,1.47,1.21,1.41,0.97,0.98,1.44,1.1,1.08,1.39,,,,,,
252,0.89,0.85,1.6,1.29,0.8,1.14,1.33,1.01,1.18,1.2,,,,,,
253,0.67,1.05,0.75,0.73,0.63,0.71,0.75,0.68,0.68,0.7,,,,,,
254,1.11,0.83,1.56,1.89,1.16,1.17,1.93,1.01,1.06,1.09,,,,,,
255,0.85,0.79,1.03,1.21,0.79,0.97,1.05,0.89,0.84,0.88,,,,,,
256,1.01,0.96,1.09,1.73,0.91,1.09,0.98,0.97,0.95,0.93,,,,,,
257,1.64,1.53,1.68,2.02,1.57,1.94,1.57,1.61,1.63,1.56,,,,,,
258,2.42,1.6,2.11,2.86,1.8,2.43,1.85,2.16,1.83,1.76,,,,,,
259,2.25,0.81,1.1,2.33,1.17,2.67,1.01,1.24,0.91,0.91,,,,,,
260,1.76,1.55,1.86,2.48,1.86,2.28,1.86,1.73,1.76,1.77,,,,,,
261,1.68,0.96,1.36,2.55,1.24,1.71,1.34,1.37,1.18,1.21,,,,,,
262,1.9,1.45,1.78,2.78,1.62,2.23,1.69,1.55,1.49,1.58,,,,,,
263,1.67,1.17,2.03,2.43,1.81,2.54,1.82,1.52,1.59,1.5,,,,,,
264,2.99,2.29,2.41,3.43,2.65,2.84,2.58,2.11,2.17,2.06,,,,,,
265,1.98,1.26,1.82,2.34,1.67,1.92,1.86,1.66,1.6,1.56,,,,,,
266,1.58,1.74,2.26,1.76,2.24,2.59,1.79,1.25,1.51,1.86,,,,,,
267,2.24,1.68,2.53,2.72,2.25,2.71,2.37,1.65,2.09,1.78,,,,,,
268,2.29,1.68,2.57,2.46,2.05,2.13,2.36,1.75,1.9,1.8,,,,,,
269,1.97,1.51,2.51,1.86,1.9,1.98,2.06,1.53,1.88,1.79,,,,,,
270,2.68,2.18,3.71,2.66,3.21,3.47,2.67,2,2.54,2.66,,,,,,
271,2.33,1.7,3.18,2.07,2.34,2.63,2.28,1.9,2.39,2.26,,,,,,
272,2.32,1.36,2.89,1.76,2.58,2.18,2.08,1.91,2.36,1.8,,,,,,
273,2.81,1.55,3.14,1.88,2.49,1.85,2.51,2.49,2.92,1.95,,,,,,
274,2.87,1.48,3.12,2,2.15,2.05,2.92,2.65,2.87,1.89,,,,,,
275,1.53,1.1,2.15,1.53,1.98,2.42,1.56,1.29,1.37,1.28,,,,,,
276,1.87,1.52,2.22,1.63,2.06,1.87,1.96,1.75,1.69,1.71,,,,,,
277,2.16,1.25,2.13,1.72,1.9,1.67,2.65,2.3,2,1.62,,,,,,
278,2,1.07,2.03,1.55,1.42,1.6,2.39,1.96,1.65,1.42,,,,,,
279,2.07,1.33,2.28,1.53,1.52,1.76,1.98,1.91,1.47,1.77,,,,,,
280,2.15,1.28,2.64,1.9,2.3,2.05,2.51,2.26,1.69,2.02,,,,,,
281,3.19,2.27,2.9,2.63,2.72,2.46,3.52,3.27,2.76,2.65,,,,,,
282,3.06,1.26,3.04,1.67,1.56,1.55,3.36,2.2,1.77,1.86,,,,,,
283,3.22,1.28,3.42,1.64,1.35,1.42,3.73,2.29,2.08,1.69,,,,,,
284,3.43,1.98,4.02,1.62,1.71,1.25,4.43,2.51,1.57,2.12,,,,,,
